{
    "M": 10,
    "batch_size": 32,
    "best": true,
    "ckpt_dir": "./ckpt",
    "data_dir": "./data",
    "epochs": 200,
    "glimpse_hidden": 128,
    "glimpse_scale": 2,
    "hidden_size": 256,
    "init_lr": 0.0003,
    "is_train": true,
    "loc_hidden": 128,
    "logs_dir": "./logs/",
    "lr_patience": 10,
    "momentum": 0.5,
    "num_glimpses": 6,
    "num_patches": 1,
    "num_workers": 4,
    "patch_size": 8,
    "plot_freq": 1,
    "print_freq": 10,
    "random_seed": 1,
    "resume": false,
    "show_sample": false,
    "shuffle": true,
    "std": 0.17,
    "train_patience": 50,
    "use_gpu": false,
    "use_tensorboard": false,
    "valid_size": 0.1
}